"","X","cell_type","gene","logFC","logCPM","F","PValue","FDR","n_condition","n_control","pct_condition","pct_control","contrast","sex","index"
"1","M Oligodendrocyte 1.32573","Oligodendrocyte 1","CLU",1.70603617393767,7.92670928716959,36.245871861387,1.5491001060306e-08,7.10526449769468e-05,24,116,0.916666666666667,0.75,"MS-CT","M","Oligodendrocyte_1_MS19M.CLU"
"2","M Oligodendrocyte 1.32870","Oligodendrocyte 1","APOE",2.21468568529889,5.49538106035375,19.1819874159434,2.36448517524213e-05,0.0116762859127047,24,116,0.958333333333333,0.870689655172414,"MS-CT","M","Oligodendrocyte_1_MS19M.APOE"
"3","M Oligodendrocyte 1.33329","Oligodendrocyte 1","ANGPT2",1.24942109523324,3.86430466826399,12.5972316347824,0.000532127077759893,0.0738406980984648,24,116,1,0.948275862068966,"MS-CT","M","Oligodendrocyte_1_MS19M.ANGPT2"
"4","M Oligodendrocyte 1.33952","Oligodendrocyte 1","PINK1",0.760217191247384,5.02232342628109,8.93031302689113,0.00333294698545296,0.196060141257821,24,116,0.958333333333333,0.594827586206897,"MS-CT","M","Oligodendrocyte_1_MS19M.PINK1"
"5","M Oligodendrocyte 1.35643","Oligodendrocyte 1","SERPINA1",1.31475640582837,0.310450793019849,4.40403005079112,0.0386547929958728,0.551678179372955,24,116,0.916666666666667,0.724137931034483,"MS-CT","M","Oligodendrocyte_1_MS19M.SERPINA1"
"6","M Oligodendrocyte 1.35850","Oligodendrocyte 1","ANGPT1",0.706786131048686,2.98542756138437,4.03041877722499,0.0466825709424271,0.586502829022193,24,116,1,0.741379310344828,"MS-CT","M","Oligodendrocyte_1_MS19M.ANGPT1"
"7","M Oligodendrocyte 1.44967","Oligodendrocyte 1","APOE",-0.804973855958969,4.7777059685542,9.15996824102723,0.00290060567075982,0.182946035027725,42,116,1,0.870689655172414,"AD-CT","M","Oligodendrocyte_1_AD19M.APOE"
"8","M Oligodendrocyte 1.57786","Oligodendrocyte 1","SERPINA1",1.57921824007532,0.583424167230051,12.6264807469307,0.00666486576536541,0.272079489101766,32,116,1,0.948275862068966,"ASD-CT","M","Oligodendrocyte_1_ASD19M.SERPINA1"
"9","M Oligodendrocyte 1.57965","Oligodendrocyte 1","SPP1",0.554271016885276,9.20195240463289,6.92673432589086,0.00940492278158706,0.316796009480634,32,116,0.40625,0.370689655172414,"ASD-CT","M","Oligodendrocyte_1_ASD19M.SPP1"
"10","M Astrocyte 2.128939","Astrocyte 2","APP",1.23316913872738,7.80401573646925,28.6085141909275,3.59572197910108e-07,0.0007240764567042,24,118,1,0.966101694915254,"MS-CT","M","Astrocyte_2_MS19M.APP"
"11","M Astrocyte 2.128957","Astrocyte 2","SPP1",2.38078253784559,5.96092702158057,24.7290071975192,1.93217981810279e-06,0.00232532305866331,24,118,1,0.915254237288136,"MS-CT","M","Astrocyte_2_MS19M.SPP1"
"12","M Astrocyte 2.129038","Astrocyte 2","ANGPT1",1.46614811108881,6.68062681676015,18.7760785996262,2.81587435894988e-05,0.0129709585189865,24,118,0.583333333333333,0.474576271186441,"MS-CT","M","Astrocyte_2_MS19M.ANGPT1"
"13","M Astrocyte 2.129063","Astrocyte 2","PINK1",1.06541359478357,5.16600082877183,17.6266574537118,4.7971439581344e-05,0.018034313404538,24,118,1,0.779661016949153,"MS-CT","M","Astrocyte_2_MS19M.PINK1"
"14","M Astrocyte 2.129767","Astrocyte 2","CLU",0.816311232719566,10.7797434759797,9.33069205294557,0.00270639066428006,0.176669633199396,24,118,1,1,"MS-CT","M","Astrocyte_2_MS19M.CLU"
"15","M Astrocyte 2.130397","Astrocyte 2","ANGPT2",0.959784240923561,3.88416980204115,6.66074380846704,0.0109024977059247,0.337445574240669,24,118,0.958333333333333,0.796610169491525,"MS-CT","M","Astrocyte_2_MS19M.ANGPT2"
"16","M Astrocyte 2.141174","Astrocyte 2","SPP1",-1.10021840290327,4.80323977680791,11.9016639923955,0.000721867025663502,0.0873831469342426,42,118,0.761904761904762,0.686440677966102,"AD-CT","M","Astrocyte_2_AD19M.SPP1"
"17","M Astrocyte 2.141347","Astrocyte 2","SERPINA1",-1.17318756579649,-0.0504350807437509,8.3843974438454,0.00470961519670044,0.231314429525943,42,118,0.904761904761905,0.838983050847458,"AD-CT","M","Astrocyte_2_AD19M.SERPINA1"
"18","M Astrocyte 2.153742","Astrocyte 2","SPP1",1.51322392965218,5.35378534359403,11.6106044843475,0.000848116878999576,0.0954664733438949,32,118,0.34375,0.228813559322034,"ASD-CT","M","Astrocyte_2_ASD19M.SPP1"
"19","M Astrocyte 2.154771","Astrocyte 2","SERPINA1",1.73532979098849,0.705683486927555,6.8435189668841,0.0108433910110382,0.336663545881126,32,118,0.875,0.855932203389831,"ASD-CT","M","Astrocyte_2_ASD19M.SERPINA1"
"20","M Astrocyte 2.166919","Astrocyte 2","SPP1",-1.64273243166513,4.93506807022082,7.82056496641366,0.00598143641704962,0.258908137811749,11,118,1,0.991525423728814,"FTD-CT","M","Astrocyte_2_FTD19M.SPP1"
"21","M Astrocyte 2.167418","Astrocyte 2","SERPINA1",-1.12895521610615,0.0523825014852908,6.44502767940884,0.0134142796495863,0.368611868448633,11,118,1,0.923728813559322,"FTD-CT","M","Astrocyte_2_FTD19M.SERPINA1"
"22","M Astrocyte 2.168085","Astrocyte 2","APOE",-1.37870015041933,9.88204188205613,4.84336958452798,0.0295870021678279,0.501499251879241,11,118,1,0.923728813559322,"FTD-CT","M","Astrocyte_2_FTD19M.APOE"
"23","M Astrocyte 2.168161","Astrocyte 2","CLU",-1.01667205987667,10.6271084829252,4.71449541766002,0.0317955510032675,0.514992356170422,11,118,1,0.983050847457627,"FTD-CT","M","Astrocyte_2_FTD19M.CLU"
"24","M Inhibitory neuron 2.225282","Inhibitory neuron 2","CLU",1.51565239239438,7.97986123395862,33.0790613866756,5.62732110481884e-08,0.000190670884201552,23,117,0.826086956521739,0.829059829059829,"MS-CT","M","Inhibitory_neuron_2_MS19M.CLU"
"25","M Inhibitory neuron 2.225325","Inhibitory neuron 2","SPP1",1.89770429718924,4.89194854785174,17.428131368234,5.30950402906838e-05,0.0191719471566213,23,117,1,0.965811965811966,"MS-CT","M","Inhibitory_neuron_2_MS19M.SPP1"
"26","M Inhibitory neuron 2.225366","Inhibitory neuron 2","ANGPT1",-0.913396994295584,5.15173145524776,15.4894535853034,0.00013293254235353,0.0332786167161533,23,117,0.956521739130435,0.931623931623932,"MS-CT","M","Inhibitory_neuron_2_MS19M.ANGPT1"
"27","M Inhibitory neuron 2.225403","Inhibitory neuron 2","ABCA7",-1.11171909301942,4.89206320442592,14.2619345402249,0.000238632812171718,0.0467198598529666,23,117,0.434782608695652,0.538461538461538,"MS-CT","M","Inhibitory_neuron_2_MS19M.ABCA7"
"28","M Inhibitory neuron 2.225435","Inhibitory neuron 2","APOE",2.54623651252459,5.05917002666883,13.4067527823112,0.000358507559859695,0.0589847487523248,23,117,0.91304347826087,0.888888888888889,"MS-CT","M","Inhibitory_neuron_2_MS19M.APOE"
"29","M Inhibitory neuron 2.226608","Inhibitory neuron 2","PINK1",0.568132976126414,5.74375976274493,6.11115495788745,0.0146733236063682,0.38235777737972,23,117,0.956521739130435,0.854700854700855,"MS-CT","M","Inhibitory_neuron_2_MS19M.PINK1"
"30","M Inhibitory neuron 2.237363","Inhibitory neuron 2","ANGPT1",0.588090596197749,5.39251495942736,12.8605283907708,0.000450547805992333,0.0671839032832759,42,117,0.976190476190476,0.974358974358974,"AD-CT","M","Inhibitory_neuron_2_AD19M.ANGPT1"
"31","M Inhibitory neuron 2.237444","Inhibitory neuron 2","ABCA7",0.531594571057268,4.96692946414471,9.04397854862789,0.00308078142255946,0.188504126253191,42,117,1,0.982905982905983,"AD-CT","M","Inhibitory_neuron_2_AD19M.ABCA7"
"32","M Inhibitory neuron 2.249413","Inhibitory neuron 2","SERPINA1",2.91429402367881,0.248005736997123,30.1686834405242,6.07082343274026e-07,0.00104150042827382,32,117,0.9375,0.974358974358974,"ASD-CT","M","Inhibitory_neuron_2_ASD19M.SERPINA1"
"33","M Inhibitory neuron 2.249460","Inhibitory neuron 2","SPP1",1.46535039560926,4.74157246903738,22.9567400844194,4.06378801681169e-06,0.00377704298293547,32,117,0.9375,0.965811965811966,"ASD-CT","M","Inhibitory_neuron_2_ASD19M.SPP1"
"34","M Inhibitory neuron 2.250893","Inhibitory neuron 2","CLU",0.510866174310825,7.98117985616502,7.3828320230318,0.00738927011660188,0.285025233649859,32,117,0.84375,0.854700854700855,"ASD-CT","M","Inhibitory_neuron_2_ASD19M.CLU"
"35","M Inhibitory neuron 2.252433","Inhibitory neuron 2","ABCA7",-0.344450059420497,4.994852398967,4.09607514107383,0.0448503006956203,0.578833960425627,32,117,0.9375,0.914529914529915,"ASD-CT","M","Inhibitory_neuron_2_ASD19M.ABCA7"
"36","M Inhibitory neuron 2.252505","Inhibitory neuron 2","ANGPT1",0.319775685318812,5.20716162167219,3.98658548738026,0.0477671951860593,0.591018921707934,32,117,0.90625,0.931623931623932,"ASD-CT","M","Inhibitory_neuron_2_ASD19M.ANGPT1"
"37","M Inhibitory neuron 2.261425","Inhibitory neuron 2","SPP1",-3.98136484999499,4.43557795220083,18.8014699969673,2.96410658307533e-05,0.0133651540382644,10,117,0.3,0.923076923076923,"FTD-CT","M","Inhibitory_neuron_2_FTD19M.SPP1"
"38","M Inhibitory neuron 2.261725","Inhibitory neuron 2","ANGPT1",9.61654584856511,5.23462989784605,7.37985672054732,0.00755087905447701,0.287827078109388,10,117,0.1,0.931623931623932,"FTD-CT","M","Inhibitory_neuron_2_FTD19M.ANGPT1"
"39","M Microglia.321644","Microglia","CLU",2.92444778639722,8.04382257527464,33.3342416990012,4.5416222323847e-08,0.000162485775972859,24,114,0.916666666666667,0.605263157894737,"MS-CT","M","Microglia_MS19M.CLU"
"40","M Microglia.321980","Microglia","SPP1",1.66451426294146,11.6932108072665,11.5544710331504,0.000872998565513382,0.0971100997389345,24,114,0.0833333333333333,0.166666666666667,"MS-CT","M","Microglia_MS19M.SPP1"
"41","M Microglia.322052","Microglia","PINK1",1.69630744379286,5.48242774071969,10.7100577691071,0.00133197359237669,0.122201985788688,24,114,0.875,0.640350877192982,"MS-CT","M","Microglia_MS19M.PINK1"
"42","M Microglia.322095","Microglia","APP",1.1150100870987,8.53884681895944,10.3416659832338,0.00160379316346587,0.134599727430713,24,114,0.25,0.087719298245614,"MS-CT","M","Microglia_MS19M.APP"
"43","M Microglia.322374","Microglia","APOE",1.30693450701868,9.55287575352572,8.33369805870768,0.0044873006589291,0.226132026272358,24,114,1,0.921052631578947,"MS-CT","M","Microglia_MS19M.APOE"
"44","M Microglia.333893","Microglia","ABCA7",0.709176865280969,5.30385676804181,10.7819831970711,0.00125926541627033,0.118575040288029,42,114,0.738095238095238,0.771929824561403,"AD-CT","M","Microglia_AD19M.ABCA7"
"45","M Microglia.334629","Microglia","APP",-0.421764910251942,8.08207393750701,4.70495556685457,0.0315543128030605,0.513808837765748,42,114,0.80952380952381,0.62280701754386,"AD-CT","M","Microglia_AD19M.APP"
"46","M Microglia.345788","Microglia","SERPINA1",1.93945993516901,5.63045815622652,33.1288629758951,4.47245273144872e-08,0.000160658390420235,32,114,0.34375,0.324561403508772,"ASD-CT","M","Microglia_ASD19M.SERPINA1"
"47","M Microglia.345881","Microglia","SPP1",2.34676744286908,11.1069273371973,25.2388392229545,1.37792228905047e-06,0.00185502683712064,32,114,0.90625,0.912280701754386,"ASD-CT","M","Microglia_ASD19M.SPP1"
"48","M Microglia.347065","Microglia","PINK1",-0.769635329801336,5.45141314055203,9.91961198669794,0.00196194430133,0.149916450594684,32,114,0.6875,0.771929824561403,"ASD-CT","M","Microglia_ASD19M.PINK1"
"49","M Microglia.347396","Microglia","APOE",0.877141750464389,9.38668100592211,8.17972036697556,0.00481944347077586,0.233967784305213,32,114,0.84375,0.87719298245614,"ASD-CT","M","Microglia_ASD19M.APOE"
"50","M Microglia.348220","Microglia","ANGPT1",-0.782658032494406,4.00204328524024,5.58878519900165,0.0194471520785788,0.427580985699648,32,114,0.75,0.701754385964912,"ASD-CT","M","Microglia_ASD19M.ANGPT1"
"51","M Microglia.348719","Microglia","APP",-0.44843107308519,8.35989984609483,4.55315047355705,0.0344292686843435,0.529905567052699,32,114,0.5,0.324561403508772,"ASD-CT","M","Microglia_ASD19M.APP"
"52","M Microglia.357943","Microglia","SERPINA1",-1.93543719465306,5.23134890479769,25.0933221821025,1.7555666589956e-06,0.00217180080141386,11,114,0.909090909090909,0.535087719298246,"FTD-CT","M","Microglia_FTD19M.SERPINA1"
"53","M Microglia.358217","Microglia","SPP1",-2.92145568525747,10.7524664574414,16.9316745978526,6.85665551263885e-05,0.0223698071204575,11,114,1,0.815789473684211,"FTD-CT","M","Microglia_FTD19M.SPP1"
"54","M Microglia.358709","Microglia","ABCA7",1.49278324279812,4.9961692573356,11.3430317332844,0.000998202266040329,0.104493455038721,11,114,1,0.684210526315789,"FTD-CT","M","Microglia_FTD19M.ABCA7"
"55","M Microglia.359007","Microglia","ANGPT2",-1.24613249407528,4.60281747301365,9.40671404875352,0.002633746794794,0.174160395076325,11,114,1,0.719298245614035,"FTD-CT","M","Microglia_FTD19M.ANGPT2"
"56","M Microglia.360176","Microglia","PINK1",1.04172594773326,5.22221837528724,5.64814853123807,0.0189411703861158,0.423380258132699,11,114,1,0.894736842105263,"FTD-CT","M","Microglia_FTD19M.PINK1"
"57","M Microglia.360286","Microglia","APP",-0.970088335746289,8.23153247565129,5.42310405224381,0.0214240318960614,0.444057263330262,11,114,1,0.43859649122807,"FTD-CT","M","Microglia_FTD19M.APP"
"58","M Microglia.370117","Microglia","ABCA7",1.8113467060236,5.06480579424898,7.78469174314095,0.00607357761054028,0.260780413519197,4,114,0.25,0.412280701754386,"HD-CT","M","Microglia_HD19M.ABCA7"
"59","M OPC.418012","OPC","SPP1",2.29894023367872,5.353925189954,25.4599603095123,1.34579558487735e-06,0.00182784894192857,24,118,1,0.915254237288136,"MS-CT","M","OPC_MS19M.SPP1"
"60","M OPC.418024","OPC","CLU",1.26518384119475,7.85488971822888,23.1288380417001,3.7869145856774e-06,0.00360844648775091,24,118,1,0.966101694915254,"MS-CT","M","OPC_MS19M.CLU"
"61","M OPC.418221","OPC","PINK1",1.18344874998596,4.57933302843773,12.9936334030182,0.000433140275365466,0.0656848976934909,24,118,0.958333333333333,0.864406779661017,"MS-CT","M","OPC_MS19M.PINK1"
"62","M OPC.418984","OPC","APP",0.37913187180954,9.53552338829709,6.7419900860624,0.0103971952501205,0.330612100640061,24,118,1,0.906779661016949,"MS-CT","M","OPC_MS19M.APP"
"63","M OPC.419045","OPC","APOE",1.52128120412696,6.65348397398347,6.53328580271847,0.0116504285697044,0.347457815181313,24,118,0.208333333333333,0.372881355932203,"MS-CT","M","OPC_MS19M.APOE"
"64","M OPC.430101","OPC","SPP1",-1.39317517059862,4.29410777611286,25.3826668979999,1.23407073709845e-06,0.00171653749616715,42,118,0.928571428571429,0.779661016949153,"AD-CT","M","OPC_AD19M.SPP1"
"65","M OPC.430160","OPC","ANGPT1",-1.55341241356146,2.5256227610227,17.5817823234772,4.49904429205029e-05,0.0173232518633274,42,118,0.952380952380952,0.915254237288136,"AD-CT","M","OPC_AD19M.ANGPT1"
"66","M OPC.430509","OPC","APOE",-0.91234658205522,6.28160522778488,8.52799243743985,0.00399152864695418,0.214125732333248,42,118,1,1,"AD-CT","M","OPC_AD19M.APOE"
"67","M OPC.430554","OPC","SERPINA1",-1.2567358131344,1.22807251851006,10.9069082732287,0.00505687762695165,0.239115215618613,42,118,0.904761904761905,0.906779661016949,"AD-CT","M","OPC_AD19M.SERPINA1"
"68","M OPC.442222","OPC","SPP1",1.5811459962817,4.93896577504389,17.8411144029363,4.13819392869821e-05,0.0164142633354333,32,118,1,0.966101694915254,"ASD-CT","M","OPC_ASD19M.SPP1"
"69","M OPC.443210","OPC","ANGPT1",-0.812234353348332,2.88005406707872,7.11641582582223,0.0084903021147452,0.303505930358531,32,118,0.46875,0.23728813559322,"ASD-CT","M","OPC_ASD19M.ANGPT1"
"70","M OPC.443782","OPC","SERPINA1",0.976220150432314,1.59433200622389,5.49281352060374,0.0212771972405369,0.443007977428562,32,118,0.84375,0.847457627118644,"ASD-CT","M","OPC_ASD19M.SERPINA1"
"71","M OPC.444071","OPC","ABCA7",-0.660531172837436,2.94426618519619,4.79095666908505,0.0302117706699222,0.505655042109002,32,118,0.65625,0.525423728813559,"ASD-CT","M","OPC_ASD19M.ABCA7"
"72","M OPC.454164","OPC","SPP1",-3.10385454562561,4.62313542324972,14.9137658684472,0.000174363681984776,0.0389417777945003,10,118,0.6,0.73728813559322,"FTD-CT","M","OPC_FTD19M.SPP1"
"73","M OPC.454823","OPC","APP",-0.715023267855032,9.46931924577468,4.57108305620695,0.0343296923433351,0.52934400760545,10,118,0.5,0.898305084745763,"FTD-CT","M","OPC_FTD19M.APP"
"74","M Fibroblast 1.514382","Fibroblast 1","CLU",3.79140034945673,9.24555998443973,23.9158646714995,1.37097712541234e-06,0.00184791817499453,23,76,0.260869565217391,0.355263157894737,"MS-CT","M","Fibroblast_1_MS19M.CLU"
"75","M Fibroblast 1.514475","Fibroblast 1","APP",2.76856700515707,10.1588751112144,15.9974881835512,7.34517328984191e-05,0.0232544603856017,23,76,0.391304347826087,0.447368421052632,"MS-CT","M","Fibroblast_1_MS19M.APP"
"76","M Fibroblast 1.514476","Fibroblast 1","APOE",5.55765311636864,8.30608048784717,15.9871057685422,7.42330625853401e-05,0.0234100150269571,23,76,0.260869565217391,0.263157894736842,"MS-CT","M","Fibroblast_1_MS19M.APOE"
"77","M Fibroblast 1.514753","Fibroblast 1","ANGPT1",2.82338302125733,8.75272631143095,11.0462018633654,0.000956925269780658,0.102188618068187,23,76,0.391304347826087,0.407894736842105,"MS-CT","M","Fibroblast_1_MS19M.ANGPT1"
"78","M Fibroblast 1.526445","Fibroblast 1","ANGPT2",-1.70281665408231,7.99421257627407,20.1957647532965,1.17641218248032e-05,0.00742985453962995,38,76,0.131578947368421,0.118421052631579,"AD-CT","M","Fibroblast_1_AD19M.ANGPT2"
"79","M Fibroblast 1.526812","Fibroblast 1","ANGPT1",-0.919098038167792,8.35831028555784,7.67193183843253,0.00613164955831442,0.262145073214492,38,76,0.394736842105263,0.289473684210526,"AD-CT","M","Fibroblast_1_AD19M.ANGPT1"
"80","M Fibroblast 1.527361","Fibroblast 1","SPP1",-0.811720936809283,7.70401214731318,4.7977658564908,0.0296893072024683,0.502137492968657,38,76,0.657894736842105,0.592105263157895,"AD-CT","M","Fibroblast_1_AD19M.SPP1"
"81","M Fibroblast 1.538543","Fibroblast 1","ABCA7",-2.12780514859055,7.22312517615715,15.3582378172909,0.000129388921274711,0.0327561724960217,24,76,0.458333333333333,0.460526315789474,"ASD-CT","M","Fibroblast_1_ASD19M.ABCA7"
"82","M Fibroblast 1.538670","Fibroblast 1","SPP1",1.72626952644448,8.02772920840082,11.1062531275599,0.00104936645326261,0.107331709035901,24,76,0.875,0.828947368421053,"ASD-CT","M","Fibroblast_1_ASD19M.SPP1"
"83","M Fibroblast 1.539127","Fibroblast 1","CLU",0.838357931667543,9.46010711896539,6.44239793353358,0.0119608062907759,0.351281627116774,24,76,0.333333333333333,0.315789473684211,"ASD-CT","M","Fibroblast_1_ASD19M.CLU"
"84","M Fibroblast 1.539911","Fibroblast 1","APOE",0.877877541066571,8.19849509534518,3.93221965837744,0.0490048206199189,0.595937356060978,24,76,0.208333333333333,0.157894736842105,"ASD-CT","M","Fibroblast_1_ASD19M.APOE"
"85","M Fibroblast 1.550902","Fibroblast 1","APOE",-1.40968305042607,7.83260140391763,9.12501932341953,0.00299371285336384,0.185848073565142,11,76,0.818181818181818,0.289473684210526,"FTD-CT","M","Fibroblast_1_FTD19M.APOE"
"86","M Fibroblast 1.550911","Fibroblast 1","SPP1",-1.58207239051282,7.51480026427703,9.01554972469553,0.00313943332568315,0.190195590018699,11,76,0.545454545454545,0.171052631578947,"FTD-CT","M","Fibroblast_1_FTD19M.SPP1"
"87","M Fibroblast 1.551522","Fibroblast 1","APP",-0.954116497467678,10.1206161347176,5.28929960306315,0.0227804340185215,0.454341817192475,11,76,0.363636363636364,0.302631578947368,"FTD-CT","M","Fibroblast_1_FTD19M.APP"
"88","M Fibroblast 1.562601","Fibroblast 1","CLU",-6.21336527430566,9.03406847969871,4.68786462162746,0.0304157133971481,0.506968939818346,2,76,0.5,0.394736842105263,"HD-CT","M","Fibroblast_1_HD19M.CLU"
"89","M Endothelial 3.599237","Endothelial 3","ABCA7",-0.934472515919151,7.3824855103749,3.9793524122323,0.047551730643925,0.590046631726298,33,86,0.606060606060606,0.604651162790698,"AD-CT","M","Endothelial_3_AD19M.ABCA7"
"90","M Endothelial 3.610886","Endothelial 3","ANGPT2",0.860368919882496,9.3629442171111,8.62342840689909,0.0037053951461177,0.206429443271024,28,86,0.321428571428571,0.267441860465116,"ASD-CT","M","Endothelial_3_ASD19M.ANGPT2"
"91","M Endothelial 3.611259","Endothelial 3","SERPINA1",0.975671890927217,6.71536644268168,12.3596125894327,0.0233072956763087,0.458385246360494,28,86,0.678571428571429,0.441860465116279,"ASD-CT","M","Endothelial_3_ASD19M.SERPINA1"
"92","M Endothelial 3.623015","Endothelial 3","ANGPT2",6.97336393923163,9.45625165338637,6.84045396093754,0.00952165142723847,0.318351337183922,9,86,0.888888888888889,0.441860465116279,"FTD-CT","M","Endothelial_3_FTD19M.ANGPT2"
"93","M Endothelial 3.634902","Endothelial 3","ANGPT2",6.04022956278557,9.62514407821669,5.42245696137341,0.0202773494522612,0.434494428620017,2,86,0,0.325581395348837,"HD-CT","M","Endothelial_3_HD19M.ANGPT2"
"94","M Endothelial 3.634953","Endothelial 3","APOE",5.60689106383842,8.72849111601214,4.64287013581346,0.0316590222593824,0.514361915871012,2,86,0.5,0.27906976744186,"HD-CT","M","Endothelial_3_HD19M.APOE"
"95","M Pericytes 2.683130","Pericytes 2","ABCA7",-3.35800100315025,6.80577469861938,8.53527237164227,0.00466554118931313,0.230326857906367,23,56,0.956521739130435,0.946428571428571,"MS-CT","M","Pericytes_2_MS19M.ABCA7"
"96","M Pericytes 2.683445","Pericytes 2","CLU",1.95503498445259,9.13560587749278,6.03365922478982,0.014225450419139,0.377543456330718,23,56,0.0434782608695652,0.0535714285714286,"MS-CT","M","Pericytes_2_MS19M.CLU"
"97","M Pericytes 2.695154","Pericytes 2","SPP1",-1.34621511898907,7.20110738724969,9.03394243728415,0.00319431793612448,0.191930982679746,30,56,0.633333333333333,0.410714285714286,"AD-CT","M","Pericytes_2_AD19M.SPP1"
"98","M Pericytes 2.695234","Pericytes 2","APOE",-0.979281751914255,8.5956487846078,7.51256633395685,0.00699660150350031,0.278103337601598,30,56,0.8,0.5,"AD-CT","M","Pericytes_2_AD19M.APOE"
"99","M Pericytes 2.695654","Pericytes 2","ANGPT1",-0.992995210165822,7.8110881695026,4.35116278808668,0.0389849443169432,0.553358582520253,30,56,0.966666666666667,0.75,"AD-CT","M","Pericytes_2_AD19M.ANGPT1"
"100","M Pericytes 2.708596","Pericytes 2","SPP1",1.16766999647011,7.79115926419414,4.56669501758403,0.0339845327601519,0.527390106911034,24,56,0.458333333333333,0.446428571428571,"ASD-CT","M","Pericytes_2_ASD19M.SPP1"
"101","M Pericytes 2.708628","Pericytes 2","ANGPT1",-0.90623788898494,8.28295207911639,4.52685029198037,0.0347635055245729,0.53184040426622,24,56,0.791666666666667,0.625,"ASD-CT","M","Pericytes_2_ASD19M.ANGPT1"
"102","M Pericytes 2.719448","Pericytes 2","ANGPT1",3.13118231907533,8.29581049846384,12.0512208726941,0.000639547899453271,0.0817045826824814,11,56,0,0.178571428571429,"FTD-CT","M","Pericytes_2_FTD19M.ANGPT1"
"103","M Pericytes 2.720061","Pericytes 2","APP",-1.41631056517111,9.23984382698661,7.17317417461865,0.00803949706501563,0.296255758124908,11,56,0.909090909090909,0.607142857142857,"FTD-CT","M","Pericytes_2_FTD19M.APP"
"104","M Pericytes 2.720901","Pericytes 2","APOE",-1.2166481707485,8.69948754016501,4.58614449533621,0.0334874753717405,0.524619996100456,11,56,0.454545454545455,0.339285714285714,"FTD-CT","M","Pericytes_2_FTD19M.APOE"
"105","M Pericytes 2.731174","Pericytes 2","CLU",-10.4869942873243,8.99216941121271,10.59325800236,0.00118204621460715,0.114582067760206,1,56,1,0.303571428571429,"HD-CT","M","Pericytes_2_HD19M.CLU"
"106","M Inhibitory neuron 1.755276","Inhibitory neuron 1","SPP1",2.37849935980361,4.35279578711648,26.6191837598459,8.55346124126266e-07,0.00132646766220466,24,118,0.833333333333333,0.796610169491525,"MS-CT","M","Inhibitory_neuron_1_MS19M.SPP1"
"107","M Inhibitory neuron 1.755302","Inhibitory neuron 1","CLU",1.166205065071,8.26209632726925,20.3119971891885,1.38143702110483e-05,0.00826529292985152,24,118,0.541666666666667,0.601694915254237,"MS-CT","M","Inhibitory_neuron_1_MS19M.CLU"
"108","M Inhibitory neuron 1.755361","Inhibitory neuron 1","PINK1",0.867502027946648,5.68784274791833,16.2024937830442,9.30091356724406e-05,0.0267990314743442,24,118,0.958333333333333,0.940677966101695,"MS-CT","M","Inhibitory_neuron_1_MS19M.PINK1"
"109","M Inhibitory neuron 1.755787","Inhibitory neuron 1","APOE",2.05761953005539,5.11341862825675,9.34267225235448,0.0026840588736671,0.175925793444578,24,118,1,0.949152542372881,"MS-CT","M","Inhibitory_neuron_1_MS19M.APOE"
"110","M Inhibitory neuron 1.756287","Inhibitory neuron 1","APP",0.317021222406104,9.68236297928657,6.72191580076069,0.0105389516013625,0.332589328699306,24,118,0.958333333333333,0.923728813559322,"MS-CT","M","Inhibitory_neuron_1_MS19M.APP"
"111","M Inhibitory neuron 1.757060","Inhibitory neuron 1","ABCA7",-0.631980241133196,4.82396552746952,4.7590092700617,0.0308217981565298,0.509431717217595,24,118,0.583333333333333,0.610169491525424,"MS-CT","M","Inhibitory_neuron_1_MS19M.ABCA7"
"112","M Inhibitory neuron 1.757552","Inhibitory neuron 1","ANGPT2",0.660440678235924,4.19995596041659,3.95435141756638,0.0487085685497843,0.594714662981468,24,118,1,0.957627118644068,"MS-CT","M","Inhibitory_neuron_1_MS19M.ANGPT2"
"113","M Inhibitory neuron 1.767390","Inhibitory neuron 1","APOE",-1.08589882259217,4.83827351761938,10.1476773511549,0.001741416304236,0.140743906283181,42,118,1,0.889830508474576,"AD-CT","M","Inhibitory_neuron_1_AD19M.APOE"
"114","M Inhibitory neuron 1.767492","Inhibitory neuron 1","SPP1",-0.718079866812681,3.80703924854206,7.48610870454952,0.0069255772531541,0.276829181943863,42,118,0.857142857142857,0.906779661016949,"AD-CT","M","Inhibitory_neuron_1_AD19M.SPP1"
"115","M Inhibitory neuron 1.779579","Inhibitory neuron 1","SPP1",1.52239060964046,4.17371125584785,18.2253249369498,3.53917637770903e-05,0.0149213705960323,32,118,1,0.940677966101695,"ASD-CT","M","Inhibitory_neuron_1_ASD19M.SPP1"
"116","M Inhibitory neuron 1.781743","Inhibitory neuron 1","APP",0.20499868030888,9.65474862553453,5.25138727188974,0.0233473789125479,0.458671797402257,32,118,0.9375,0.88135593220339,"ASD-CT","M","Inhibitory_neuron_1_ASD19M.APP"
"117","M Inhibitory neuron 1.791872","Inhibitory neuron 1","ANGPT1",2.71948609089222,6.25731707708347,6.36992182891339,0.0128352464733043,0.36177977398922,11,118,0.545454545454545,0.949152542372881,"FTD-CT","M","Inhibitory_neuron_1_FTD19M.ANGPT1"
"118","M Endothelial 4.851623","Endothelial 4","SPP1",3.64336096664988,7.4341141261516,15.664817533793,9.79322647059801e-05,0.0276901437307166,18,56,0.111111111111111,0.0892857142857143,"MS-CT","M","Endothelial_4_MS19M.SPP1"
"119","M Endothelial 4.851643","Endothelial 4","APOE",2.73043623851679,9.15260852241183,12.729208530151,0.000428839500721377,0.0652932809038738,18,56,0.5,0.482142857142857,"MS-CT","M","Endothelial_4_MS19M.APOE"
"120","M Endothelial 4.863669","Endothelial 4","SPP1",-5.50403981689837,7.13665911091488,48.3439392655995,1.62931557817985e-11,3.0395155945496e-07,11,56,0.181818181818182,0.196428571428571,"AD-CT","M","Endothelial_4_AD19M.SPP1"
"121","M Endothelial 4.864115","Endothelial 4","APOE",-1.51231594372689,8.78769283687432,5.3717507626325,0.0210080496625048,0.440652587502605,11,56,0.545454545454545,0.517857142857143,"AD-CT","M","Endothelial_4_AD19M.APOE"
"122","M Endothelial 4.864261","Endothelial 4","PINK1",1.59856949910835,8.13014171094849,4.73181997173783,0.0302412032812649,0.505873052839223,11,56,0.454545454545455,0.571428571428571,"AD-CT","M","Endothelial_4_AD19M.PINK1"
"123","M Endothelial 4.864461","Endothelial 4","ANGPT1",3.16690711547535,7.04748549951714,4.27321485348657,0.0425788563686616,0.569805672087203,11,56,0.636363636363636,0.517857142857143,"AD-CT","M","Endothelial_4_AD19M.ANGPT1"
"124","M Endothelial 4.875739","Endothelial 4","SPP1",1.96312595186336,6.67542203009428,15.9509331387556,0.000101203884147177,0.0282289632415163,26,56,0.961538461538462,0.875,"ASD-CT","M","Endothelial_4_ASD19M.SPP1"
"125","M Endothelial 4.875892","Endothelial 4","ANGPT2",0.879453499250679,8.72629553886796,8.86515170799812,0.00338343180424564,0.197470855239367,26,56,0.307692307692308,0.214285714285714,"ASD-CT","M","Endothelial_4_ASD19M.ANGPT2"
"126","M Lymphocyte.936077","Lymphocyte","CLU",2.93849648053824,9.16687321490634,10.9616807182951,0.000930191549219289,0.100555116905531,22,68,0.818181818181818,0.632352941176471,"MS-CT","M","Lymphocyte_MS19M.CLU"
"127","M Lymphocyte.936233","Lymphocyte","SPP1",4.69330281875196,9.48549148545387,8.75931726365033,0.00308032547084513,0.188489614760184,22,68,0.636363636363636,0.294117647058824,"MS-CT","M","Lymphocyte_MS19M.SPP1"
"128","M Lymphocyte.937634","Lymphocyte","SERPINA1",-2.31457947767881,7.93220889150345,5.62788276692842,0.0399950402703751,0.557637675251832,22,68,0.136363636363636,0.147058823529412,"MS-CT","M","Lymphocyte_MS19M.SERPINA1"
"129","M Lymphocyte.937684","Lymphocyte","APP",1.88723733635954,9.17524412440737,4.13593197798512,0.0419822438474519,0.566868523202608,22,68,0.272727272727273,0.102941176470588,"MS-CT","M","Lymphocyte_MS19M.APP"
"130","M Lymphocyte.948147","Lymphocyte","SPP1",-1.38295303583069,8.6190760584471,13.8393481161981,0.00019913220954574,0.0420375176458929,39,68,0.794871794871795,0.691176470588235,"AD-CT","M","Lymphocyte_AD19M.SPP1"
"131","M Lymphocyte.948478","Lymphocyte","APOE",-1.17709685203632,8.46774616185195,8.04228638925787,0.00456986586670176,0.228020082072859,39,68,0.692307692307692,0.514705882352941,"AD-CT","M","Lymphocyte_AD19M.APOE"
"132","M Lymphocyte.949325","Lymphocyte","CLU",0.849746187809882,8.82723983005636,4.44615123461621,0.0349802244134285,0.532855154090528,39,68,0.282051282051282,0.323529411764706,"AD-CT","M","Lymphocyte_AD19M.CLU"
"133","M Lymphocyte.960037","Lymphocyte","SPP1",2.45374968332175,9.03839924116089,16.3579198203968,5.24411734782717e-05,0.0190301139603589,19,68,0.263157894736842,0.264705882352941,"ASD-CT","M","Lymphocyte_ASD19M.SPP1"
"134","M Lymphocyte.972668","Lymphocyte","APOE",-1.12105361736732,8.41430625443637,5.19096663088809,0.0227048610262841,0.453805921591569,11,68,0.818181818181818,0.352941176470588,"FTD-CT","M","Lymphocyte_FTD19M.APOE"
"135","M Pericytes 1.1020316","Pericytes 1","SPP1",4.87861051903183,7.55299222386513,12.0210125696095,0.000620262459572845,0.0803197101563643,20,81,0.1,0.135802469135802,"MS-CT","M","Pericytes_1_MS19M.SPP1"
"136","M Pericytes 1.1020411","Pericytes 1","APP",2.21902866119299,9.50768111612089,9.09050339723148,0.0025694650960189,0.172167747091543,20,81,0.5,0.580246913580247,"MS-CT","M","Pericytes_1_MS19M.APP"
"137","M Pericytes 1.1020591","Pericytes 1","CLU",1.88224890086725,8.47313370921119,7.18585986547751,0.00734815205749501,0.284328561284882,20,81,0.2,0.407407407407407,"MS-CT","M","Pericytes_1_MS19M.CLU"
"138","M Pericytes 1.1020593","Pericytes 1","APOE",2.86662363075011,8.91503174318543,7.18270138897639,0.00736109858520583,0.28455608382204,20,81,1,0.888888888888889,"MS-CT","M","Pericytes_1_MS19M.APOE"
"139","M Pericytes 1.1020672","Pericytes 1","ANGPT2",4.15643130074889,7.39625783580838,7.62767376207083,0.00918047838517451,0.313625736651738,20,81,0.1,0.320987654320988,"MS-CT","M","Pericytes_1_MS19M.ANGPT2"
"140","M Pericytes 1.1032536","Pericytes 1","APOE",-1.03487350664466,8.29021060949347,8.89841572888451,0.00315228673765792,0.19058161245036,30,81,0,0.037037037037037,"AD-CT","M","Pericytes_1_AD19M.APOE"
"141","M Pericytes 1.1032906","Pericytes 1","SPP1",0.835748917623958,6.95640171482336,5.25496140786206,0.0227879235501244,0.454404447214579,30,81,0.8,0.580246913580247,"AD-CT","M","Pericytes_1_AD19M.SPP1"
"142","M Pericytes 1.1033092","Pericytes 1","SERPINA1",-0.548780800248281,5.95006869257162,7.4387309382635,0.0401130502399713,0.558183994665431,30,81,0.8,0.506172839506173,"AD-CT","M","Pericytes_1_AD19M.SERPINA1"
"143","M Pericytes 1.1033214","Pericytes 1","ABCA7",-0.715767399144445,6.49882973519156,3.89340207807986,0.0497448021774801,0.598920732508515,30,81,0.366666666666667,0.135802469135802,"AD-CT","M","Pericytes_1_AD19M.ABCA7"
"144","M Pericytes 1.1044368","Pericytes 1","SPP1",2.37260101194166,7.32965880575711,19.9207489428922,1.22560561007543e-05,0.00763198193035375,26,81,0.884615384615385,0.753086419753086,"ASD-CT","M","Pericytes_1_ASD19M.SPP1"
"145","M Pericytes 1.1045441","Pericytes 1","ABCA7",-1.29086045299356,6.83372288024731,6.17290672445417,0.0482501329359444,0.593076948145144,26,81,0.153846153846154,0.160493827160494,"ASD-CT","M","Pericytes_1_ASD19M.ABCA7"
"146","M Pericytes 1.1056394","Pericytes 1","SPP1",-2.55041740932726,7.27021771494836,19.8745889023019,1.08552523109469e-05,0.00706664897659912,11,81,1,0.469135802469136,"FTD-CT","M","Pericytes_1_FTD19M.SPP1"
"147","M Pericytes 1.1056635","Pericytes 1","APOE",-2.05854105282385,8.48784260571763,9.09267473064453,0.00273303907346201,0.177565771702358,11,81,0.909090909090909,0.432098765432099,"FTD-CT","M","Pericytes_1_FTD19M.APOE"
"148","M Pericytes 1.1056956","Pericytes 1","ANGPT1",5.52964300384762,7.61127402594671,6.69282468219925,0.0100471148272442,0.325952023204179,11,81,0.636363636363636,0.259259259259259,"FTD-CT","M","Pericytes_1_FTD19M.ANGPT1"
"149","M Pericytes 1.1068438","Pericytes 1","APOE",4.51213461705267,8.91218451092429,13.3897435737873,0.000253020079647254,0.048368488749427,2,81,0.5,0.62962962962963,"HD-CT","M","Pericytes_1_HD19M.APOE"
"150","M Capillary BEC 1.1092674","Capillary BEC 1","SPP1",6.82772656514529,7.89428294057399,10.1680390076405,0.00157883194462666,0.133495070838564,17,76,0.117647058823529,0.105263157894737,"MS-CT","M","Capillary_BEC_1_MS19M.SPP1"
"151","M Capillary BEC 1.1092821","Capillary BEC 1","PINK1",6.14518648704236,7.76173112028811,8.5366755039739,0.00373280496706735,0.207105277884526,17,76,0.588235294117647,0.460526315789474,"MS-CT","M","Capillary_BEC_1_MS19M.PINK1"
"152","M Capillary BEC 1.1093846","Capillary BEC 1","APP",1.30230281568943,10.967861016801,4.5557216112828,0.0335190729064249,0.524788311539598,17,76,0.294117647058824,0.184210526315789,"MS-CT","M","Capillary_BEC_1_MS19M.APP"
"153","M Capillary BEC 1.1104744","Capillary BEC 1","ANGPT2",1.22629317431592,10.6485924607797,10.4921317016874,0.00146728355941841,0.128508295635675,30,76,0.766666666666667,0.368421052631579,"AD-CT","M","Capillary_BEC_1_AD19M.ANGPT2"
"154","M Capillary BEC 1.1104915","Capillary BEC 1","APOE",-0.938268245696555,7.42352537735007,7.59567957222336,0.00657785316047681,0.270499046922988,30,76,0.466666666666667,0.236842105263158,"AD-CT","M","Capillary_BEC_1_AD19M.APOE"
"155","M Capillary BEC 1.1105149","Capillary BEC 1","SERPINA1",1.24121302787571,5.38795247584191,6.88142461811253,0.0166815979959115,0.403106236066896,30,76,0.933333333333333,0.407894736842105,"AD-CT","M","Capillary_BEC_1_AD19M.SERPINA1"
"156","M Capillary BEC 1.1105197","Capillary BEC 1","CLU",0.662087472486258,8.59550652742502,5.55278755963573,0.0197036455877925,0.429907844802782,30,76,0.266666666666667,0.197368421052632,"AD-CT","M","Capillary_BEC_1_AD19M.CLU"
"157","M Capillary BEC 1.1116664","Capillary BEC 1","ANGPT2",1.89026055496208,10.2990514882008,17.5341104376515,5.0013738250403e-05,0.0185015219816718,26,76,0.153846153846154,0.144736842105263,"ASD-CT","M","Capillary_BEC_1_ASD19M.ANGPT2"
"158","M Capillary BEC 1.1116787","Capillary BEC 1","SPP1",3.17840324656409,7.74154030091596,12.4579129150995,0.000603108905589855,0.0791417562640924,26,76,0.0384615384615385,0.0789473684210526,"ASD-CT","M","Capillary_BEC_1_ASD19M.SPP1"
"159","M Capillary BEC 1.1117936","Capillary BEC 1","PINK1",1.15203686334976,7.58948654183715,5.001390470072,0.0270996045735617,0.485352526328015,26,76,0.192307692307692,0.184210526315789,"ASD-CT","M","Capillary_BEC_1_ASD19M.PINK1"
"160","M Capillary BEC 1.1128705","Capillary BEC 1","APOE",-1.96509120230581,7.91789869203121,33.0703867731952,3.82934784708691e-08,0.000142514973903743,10,76,0,0.0526315789473684,"FTD-CT","M","Capillary_BEC_1_FTD19M.APOE"
"161","M Capillary BEC 1.1128955","Capillary BEC 1","SPP1",-1.6725130632977,7.62291878595629,15.7285478950048,0.00011383431469867,0.0303098284173953,10,76,0.3,0.0789473684210526,"FTD-CT","M","Capillary_BEC_1_FTD19M.SPP1"
"162","M Capillary BEC 1.1129362","Capillary BEC 1","ANGPT1",1.61403540194008,6.0274196299031,9.81766701009983,0.00207929659147159,0.154496587984637,10,76,1,0.486842105263158,"FTD-CT","M","Capillary_BEC_1_FTD19M.ANGPT1"
"163","M Capillary BEC 1.1129955","Capillary BEC 1","CLU",-0.963125055125395,8.88841107504728,6.55131862332746,0.0112935561248984,0.342962129384559,10,76,0.6,0.131578947368421,"FTD-CT","M","Capillary_BEC_1_FTD19M.CLU"
"164","M Capillary BEC 1.1129987","Capillary BEC 1","ANGPT2",-1.29380843908652,10.0921303084523,6.46415043590043,0.0118451392091243,0.349703694610424,10,76,0.9,0.447368421052632,"FTD-CT","M","Capillary_BEC_1_FTD19M.ANGPT2"
"165","M NRGN Neuron.1176836","NRGN Neuron","SPP1",3.80435292670282,7.8497844778841,36.6169265235649,7.1903617821789e-09,3.89742476180021e-05,24,108,0.208333333333333,0.305555555555556,"MS-CT","M","NRGN_Neuron_MS19M.SPP1"
"166","M NRGN Neuron.1176859","NRGN Neuron","APOE",3.46623965604518,8.43814419097411,20.1983690336534,1.20252043360568e-05,0.00754430768514746,24,108,0.75,0.777777777777778,"MS-CT","M","NRGN_Neuron_MS19M.APOE"
"167","M NRGN Neuron.1177166","NRGN Neuron","CLU",1.34366426206798,11.444279050641,9.8067886791105,0.00200383750644814,0.151480398753755,24,108,0.5,0.648148148148148,"MS-CT","M","NRGN_Neuron_MS19M.CLU"
"168","M NRGN Neuron.1178263","NRGN Neuron","SERPINA1",2.22362093963909,4.89703420358085,7.82812358561907,0.0249283539796248,0.470408870873182,24,108,0.833333333333333,0.731481481481482,"MS-CT","M","NRGN_Neuron_MS19M.SERPINA1"
"169","M NRGN Neuron.1178426","NRGN Neuron","APP",0.849309563809952,10.9731531621541,4.74766230357796,0.030532484810766,0.507720768221802,24,108,0.625,0.574074074074074,"MS-CT","M","NRGN_Neuron_MS19M.APP"
"170","M NRGN Neuron.1188923","NRGN Neuron","SPP1",-1.39559335650094,7.36187208175161,13.5261109919942,0.000311987859609733,0.0545426409207799,38,108,0.605263157894737,0.666666666666667,"AD-CT","M","NRGN_Neuron_AD19M.SPP1"
"171","M NRGN Neuron.1201364","NRGN Neuron","SERPINA1",1.06361867751284,4.67168393762951,8.22415804999244,0.0250317387701281,0.471093594418347,27,108,0.925925925925926,0.842592592592593,"ASD-CT","M","NRGN_Neuron_ASD19M.SERPINA1"
"172","M NRGN Neuron.1201523","NRGN Neuron","APOE",0.720472997578232,8.46101662575351,4.38415343760198,0.0376395969510739,0.546527552414204,27,108,0.814814814814815,0.731481481481482,"ASD-CT","M","NRGN_Neuron_ASD19M.APOE"
"173","M NRGN Neuron.1213683","NRGN Neuron","APP",2.54676199772992,10.9782008949122,4.70763365367502,0.0315252012359422,0.513636744406145,6,108,0.333333333333333,0.537037037037037,"FTD-CT","M","NRGN_Neuron_FTD19M.APP"
"174","M NRGN Neuron.1225341","NRGN Neuron","SERPINA1",3.70381144291001,4.77436243619612,13.776806796377,0.00314501500423857,0.190365581765153,4,108,0.25,0.5,"HD-CT","M","NRGN_Neuron_HD19M.SERPINA1"
"175","M NRGN Neuron.1225803","NRGN Neuron","APP",-1.65862678098467,10.945465267662,5.46963959311799,0.0205663248321618,0.436963050609939,4,108,0.5,0.759259259259259,"HD-CT","M","NRGN_Neuron_HD19M.APP"
"176","M Mesenchymal.1273196","Mesenchymal","CLU",10.5647201942267,11.6271455633406,5.73450865264676,0.0166358893477028,0.402613060235074,5,22,0,0,"MS-CT","M","Mesenchymal_MS19M.CLU"
"177","M Mesenchymal.1273203","Mesenchymal","APOE",9.0716863293671,10.3204154048116,4.17252184415661,0.0410862755390121,0.56272315076025,5,22,0.6,0.545454545454545,"MS-CT","M","Mesenchymal_MS19M.APOE"
"178","M Mesenchymal.1297359","Mesenchymal","SPP1",3.64250802534107,7.82345630451367,10.1586922684948,0.00143642828597595,0.127056220787745,7,22,0.857142857142857,0.727272727272727,"ASD-CT","M","Mesenchymal_ASD19M.SPP1"
"179","M Mesenchymal.1297710","Mesenchymal","ANGPT2",1.96695705956571,7.49879589031562,5.64191640308687,0.0175368935034985,0.411177248028877,7,22,0.142857142857143,0.0454545454545455,"ASD-CT","M","Mesenchymal_ASD19M.ANGPT2"
"180","M Mesenchymal.1298128","Mesenchymal","PINK1",-2.08600028177136,7.83078406815743,4.25756801189175,0.0390770133128149,0.553751452121287,7,22,0.571428571428571,0.363636363636364,"ASD-CT","M","Mesenchymal_ASD19M.PINK1"
"181","M Excitatory neuron 4.1321417","Excitatory neuron 4","SPP1",2.0240049295356,3.36049785931265,20.0417551354443,1.62223811821958e-05,0.00920816119691469,24,117,0.458333333333333,0.837606837606838,"MS-CT","M","Excitatory_neuron_4_MS19M.SPP1"
"182","M Excitatory neuron 4.1321486","Excitatory neuron 4","CLU",1.26829163123608,8.16306612374916,15.7627416458565,0.000117391344555545,0.0308334922167831,24,117,0.75,0.837606837606838,"MS-CT","M","Excitatory_neuron_4_MS19M.CLU"
"183","M Excitatory neuron 4.1321692","Excitatory neuron 4","APOE",2.01705575372845,4.65065666272329,11.9270249046486,0.000744216499424526,0.0888172723099181,24,117,0.958333333333333,0.948717948717949,"MS-CT","M","Excitatory_neuron_4_MS19M.APOE"
"184","M Excitatory neuron 4.1321734","Excitatory neuron 4","SERPINA1",3.41505534705822,-1.21707289289245,12.9709974393698,0.000960973953805758,0.102369511208589,24,117,0.875,0.957264957264957,"MS-CT","M","Excitatory_neuron_4_MS19M.SERPINA1"
"185","M Excitatory neuron 4.1321946","Excitatory neuron 4","PINK1",0.613543692788741,5.74810788129953,9.59408230316608,0.0023961058297317,0.166162511751457,24,117,0.5,0.581196581196581,"MS-CT","M","Excitatory_neuron_4_MS19M.PINK1"
"186","M Excitatory neuron 4.1322808","Excitatory neuron 4","ANGPT2",0.923131056517817,4.19910191565555,6.23072835420086,0.0137876942866694,0.372765536309336,24,117,0.625,0.846153846153846,"MS-CT","M","Excitatory_neuron_4_MS19M.ANGPT2"
"187","M Excitatory neuron 4.1323414","Excitatory neuron 4","ABCA7",-0.5450059490052,4.98255767755745,4.94676137720289,0.0278398244731607,0.490341632516915,24,117,0.875,0.94017094017094,"MS-CT","M","Excitatory_neuron_4_MS19M.ABCA7"
"188","M Excitatory neuron 4.1346611","Excitatory neuron 4","SERPINA1",1.38750767413697,-1.21495418770966,9.33528023370305,0.00284265631194835,0.180999243162661,32,117,1,0.991452991452991,"ASD-CT","M","Excitatory_neuron_4_ASD19M.SERPINA1"
"189","M Excitatory neuron 4.1347808","Excitatory neuron 4","SPP1",0.90121350577275,3.37375057255656,5.59069643212902,0.0194271575831718,0.427476393255281,32,117,1,0.931623931623932,"ASD-CT","M","Excitatory_neuron_4_ASD19M.SPP1"
"190","M Excitatory neuron 4.1348442","Excitatory neuron 4","ABCA7",-0.361791704825721,5.00413657983588,4.48282358180357,0.0360026625239675,0.538332757643248,32,117,0.90625,0.905982905982906,"ASD-CT","M","Excitatory_neuron_4_ASD19M.ABCA7"
"191","M Excitatory neuron 4.1348733","Excitatory neuron 4","ANGPT1",-0.566764255389192,2.89024813510881,4.03335159949088,0.046572220468891,0.586146934939772,32,117,0.9375,0.974358974358974,"ASD-CT","M","Excitatory_neuron_4_ASD19M.ANGPT1"
"192","M Excitatory neuron 4.1357930","Excitatory neuron 4","APP",-0.72369200123858,9.44526453653215,6.57767967294737,0.0115548237743427,0.346332696872481,11,117,0.636363636363636,0.94017094017094,"FTD-CT","M","Excitatory_neuron_4_FTD19M.APP"
"193","M Excitatory neuron 4.1358693","Excitatory neuron 4","SERPINA1",-6.88518037530866,-1.27718273946577,5.52665442676395,0.0476362246303244,0.590371439684727,11,117,0.454545454545455,0.923076923076923,"FTD-CT","M","Excitatory_neuron_4_FTD19M.SERPINA1"
"194","M Excitatory neuron 4.1370231","Excitatory neuron 4","SPP1",1.71485258985833,3.01180544532399,4.07889703250648,0.0458102235776031,0.582876540608821,4,117,1,0.982905982905983,"HD-CT","M","Excitatory_neuron_4_HD19M.SPP1"
"195","M Fibroblast 2.1418299","Fibroblast 2","ANGPT2",-1.47496416315059,8.61879440473556,4.19191667644001,0.0406180171027275,0.560535085856559,9,25,0.111111111111111,0,"FTD-CT","M","Fibroblast_2_FTD19M.ANGPT2"
"196","M Veinous BEC 1.1429830","Veinous BEC 1","SPP1",5.67525210977223,7.89867240066848,7.56683631229101,0.00594537900165915,0.258210000790724,18,50,0,0.04,"MS-CT","M","Veinous_BEC_1_MS19M.SPP1"
"197","M Veinous BEC 1.1454056","Veinous BEC 1","SPP1",2.29000362131086,7.54158289744991,13.5181693133118,0.000293223666558602,0.0526059703355235,22,50,0.181818181818182,0.14,"ASD-CT","M","Veinous_BEC_1_ASD19M.SPP1"
"198","M Excitatory neuron 5.1490022","Excitatory neuron 5","SPP1",2.48882098108878,3.41682266899747,25.674666083379,1.34675487555187e-06,0.00182788883377376,24,117,0.833333333333333,0.94017094017094,"MS-CT","M","Excitatory_neuron_5_MS19M.SPP1"
"199","M Excitatory neuron 5.1490052","Excitatory neuron 5","CLU",1.37830016601631,8.22024756042806,20.8442206655788,1.11658279032491e-05,0.00719791277061986,24,117,0.875,0.914529914529915,"MS-CT","M","Excitatory_neuron_5_MS19M.CLU"
"200","M Excitatory neuron 5.1490111","Excitatory neuron 5","PINK1",0.918892366746534,6.06988208003878,16.6779678475298,7.66859561432327e-05,0.0238950296342917,24,117,0.75,0.923076923076923,"MS-CT","M","Excitatory_neuron_5_MS19M.PINK1"
"201","M Excitatory neuron 5.1490185","Excitatory neuron 5","APOE",2.4137249439621,4.67863427347097,14.9791151391072,0.000170744460474307,0.038497534653346,24,117,0.708333333333333,0.854700854700855,"MS-CT","M","Excitatory_neuron_5_MS19M.APOE"
"202","M Excitatory neuron 5.1515553","Excitatory neuron 5","SPP1",1.04593020664896,3.29452480432453,6.80211997833136,0.0101113607562758,0.326786388037571,31,117,0.967741935483871,0.854700854700855,"ASD-CT","M","Excitatory_neuron_5_ASD19M.SPP1"
"203","M Excitatory neuron 5.1516378","Excitatory neuron 5","CLU",0.48317373265848,8.05200370852901,4.87327584567104,0.0288981524250466,0.497203208217384,31,117,0.967741935483871,0.905982905982906,"ASD-CT","M","Excitatory_neuron_5_ASD19M.CLU"
"204","M Excitatory neuron 5.1526388","Excitatory neuron 5","SERPINA1",-8.32559810205703,-0.599437526486513,14.2930620630624,0.00288861419261052,0.182496061622866,9,117,1,0.991452991452991,"FTD-CT","M","Excitatory_neuron_5_FTD19M.SERPINA1"
"205","M Endothelial 1.1598595","Endothelial 1","APOE",-2.52926655360113,8.14378599328035,9.56273284023712,0.00255613686311995,0.171734413901372,21,40,0.238095238095238,0.175,"AD-CT","M","Endothelial_1_AD19M.APOE"
"206","M Endothelial 1.1598635","Endothelial 1","ANGPT1",-2.22199626774765,6.38558120410707,8.85353703895921,0.00376716543998179,0.207985063877173,21,40,0.904761904761905,0.85,"AD-CT","M","Endothelial_1_AD19M.ANGPT1"
"207","M Endothelial 1.1611630","Endothelial 1","APOE",-1.42193796243604,8.60037331546176,4.71709760404185,0.0319035039300205,0.515570275508442,14,40,0.0714285714285714,0.05,"ASD-CT","M","Endothelial_1_ASD19M.APOE"
"208","M Excitatory neuron 3.1658637","Excitatory neuron 3","SPP1",3.30257365300354,3.76715994831354,38.7787694238928,5.94713897223823e-09,3.36322590695959e-05,24,111,0.583333333333333,0.675675675675676,"MS-CT","M","Excitatory_neuron_3_MS19M.SPP1"
"209","M Excitatory neuron 3.1658668","Excitatory neuron 3","CLU",1.4072857139981,8.40908971266165,18.9000248825159,2.68748305441895e-05,0.0126173592447989,24,111,0.875,0.927927927927928,"MS-CT","M","Excitatory_neuron_3_MS19M.CLU"
"210","M Excitatory neuron 3.1658729","Excitatory neuron 3","APOE",2.75597412937103,4.89949070106686,15.0176870999724,0.000167386222935708,0.038055359352703,24,111,0.416666666666667,0.477477477477477,"MS-CT","M","Excitatory_neuron_3_MS19M.APOE"
"211","M Excitatory neuron 3.1658799","Excitatory neuron 3","PINK1",0.929269337587687,5.8978173520113,13.0965713896603,0.000417826431320602,0.0643178624696904,24,111,0.958333333333333,0.972972972972973,"MS-CT","M","Excitatory_neuron_3_MS19M.PINK1"
"212","M Excitatory neuron 3.1658950","Excitatory neuron 3","ABCA7",-0.860841687386711,5.19057475521773,10.6383554031177,0.0014041841804658,0.125507900881256,24,111,0.666666666666667,0.738738738738739,"MS-CT","M","Excitatory_neuron_3_MS19M.ABCA7"
"213","M Excitatory neuron 3.1670929","Excitatory neuron 3","SPP1",-0.809388073726054,3.20211248595974,7.74366885972291,0.00608119440923663,0.260962748454734,42,111,0.69047619047619,0.558558558558559,"AD-CT","M","Excitatory_neuron_3_AD19M.SPP1"
"214","M Excitatory neuron 3.1671318","Excitatory neuron 3","SERPINA1",1.27527317643786,0.776999107308527,8.04666545246929,0.023902864500372,0.462618710059226,42,111,0.380952380952381,0.756756756756757,"AD-CT","M","Excitatory_neuron_3_AD19M.SERPINA1"
"215","M Excitatory neuron 3.1682858","Excitatory neuron 3","SERPINA1",1.95632732361877,1.03238281232793,20.0181055322775,0.00042769515177188,0.0651950607754498,30,111,0.966666666666667,0.963963963963964,"ASD-CT","M","Excitatory_neuron_3_ASD19M.SERPINA1"
"216","M Excitatory neuron 3.1683098","Excitatory neuron 3","SPP1",1.25593561550332,3.4137168917181,8.94570511103218,0.00329646543032332,0.194937144657842,30,111,0.9,0.882882882882883,"ASD-CT","M","Excitatory_neuron_3_ASD19M.SPP1"
"217","M Excitatory neuron 3.1683641","Excitatory neuron 3","CLU",0.598279071300121,8.25804896949148,6.01375435892232,0.0154109782973706,0.390174119827816,30,111,0.833333333333333,0.927927927927928,"ASD-CT","M","Excitatory_neuron_3_ASD19M.CLU"
"218","M Excitatory neuron 3.1707874","Excitatory neuron 3","CLU",-1.42102823939876,8.1504484805539,4.45746199413855,0.0368843112159241,0.542826704156685,4,111,1,0.927927927927928,"HD-CT","M","Excitatory_neuron_3_HD19M.CLU"
"219","M Oligodendrocyte 2.1755050","Oligodendrocyte 2","ANGPT2",-6.26032880727397,7.79951713191678,6.02032396102167,0.0141455653494565,0.376668669706399,3,9,0.666666666666667,0.333333333333333,"AD-CT","M","Oligodendrocyte_2_AD19M.ANGPT2"
"220","M Oligodendrocyte 2.1755176","Oligodendrocyte 2","SPP1",-3.75345560625676,10.0445870815074,4.41728021456055,0.0355818782758872,0.535915928495693,3,9,0,0.666666666666667,"AD-CT","M","Oligodendrocyte_2_AD19M.SPP1"
"221","M Endothelial 5.1839320","Endothelial 5","APOE",-6.22789255015433,8.37664503815589,9.20013785591861,0.00242512179864297,0.167213871007559,2,1,0.5,0,"ASD-CT","M","Endothelial_5_ASD19M.APOE"
"222","F Oligodendrocyte 1.1923713","Oligodendrocyte 1","CLU",2.62081931382634,7.48058991020273,8.08850206451098,0.00639756685317914,0.267171095520289,5,50,1,1,"MS-CT","F","Oligodendrocyte_1_MS19F.CLU"
"223","F Oligodendrocyte 1.1947951","Oligodendrocyte 1","APOE",1.99255117477427,4.82780628490586,8.74063106536218,0.00454803878343607,0.227538846013498,8,50,0.75,0.92,"ASD-CT","F","Oligodendrocyte_1_ASD19F.APOE"
"224","F Oligodendrocyte 1.1948172","Oligodendrocyte 1","SPP1",-1.1578619146052,9.21449842130214,6.81397875889733,0.0115820732441566,0.346693057582137,8,50,0.125,0.16,"ASD-CT","F","Oligodendrocyte_1_ASD19F.SPP1"
"225","F Oligodendrocyte 1.1948718","Oligodendrocyte 1","ANGPT2",-1.21068507000121,3.51166218338862,4.5088909411944,0.038150117047093,0.549186803135036,8,50,0.875,0.98,"ASD-CT","F","Oligodendrocyte_1_ASD19F.ANGPT2"
"226","F Oligodendrocyte 1.1960278","Oligodendrocyte 1","ABCA7",-1.11383315973319,3.30008130633777,7.43758081492104,0.00820315251587146,0.298901605435106,16,50,0.875,0.88,"FTD-CT","F","Oligodendrocyte_1_FTD19F.ABCA7"
"227","F Oligodendrocyte 1.1960525","Oligodendrocyte 1","ANGPT2",1.86225254927591,3.60550018622265,6.24510920103827,0.0149891183688396,0.385702667850404,16,50,0.3125,0.46,"FTD-CT","F","Oligodendrocyte_1_FTD19F.ANGPT2"
"228","F Astrocyte 2.2201243","Astrocyte 2","ABCA7",0.782960010276226,4.37882926838775,7.3155312103628,0.00821417369932505,0.29911271301038,40,52,1,1,"AD-CT","F","Astrocyte_2_AD19F.ABCA7"
"229","F Astrocyte 2.2201771","Astrocyte 2","ANGPT1",0.735023757304799,6.37921467474571,5.13703518963387,0.0258850684214318,0.476976197801079,40,52,0.825,0.923076923076923,"AD-CT","F","Astrocyte_2_AD19F.ANGPT1"
"230","F Astrocyte 2.2212903","Astrocyte 2","SPP1",-1.60505155624873,4.79911013949525,7.19941045079185,0.00958218569973078,0.31920814132164,8,52,1,0.807692307692308,"ASD-CT","F","Astrocyte_2_ASD19F.SPP1"
"231","F Inhibitory neuron 2.1996105","Inhibitory neuron 2","ABCA7",0.636192354276588,4.62908860209699,8.76812354156368,0.00390988045339232,0.211911711830346,40,51,0.975,0.980392156862745,"AD-CT","F","Inhibitory_neuron_2_AD19F.ABCA7"
"232","F Microglia.2550153","Microglia","APOE",0.681096923897879,9.40731655071953,6.93617750831408,0.00993178810553055,0.324222858913242,40,52,0.6,0.557692307692308,"AD-CT","F","Microglia_AD19F.APOE"
"233","F Microglia.2562176","Microglia","SPP1",-2.35794547161001,10.7857800838349,8.7244972134496,0.00444928925275052,0.225186523038835,8,52,0.75,0.846153846153846,"ASD-CT","F","Microglia_ASD19F.SPP1"
"234","F Microglia.2574282","Microglia","ANGPT2",0.875564954300976,4.11742112110715,7.92710043300385,0.00648262490710799,0.268815099220597,16,52,0.9375,0.403846153846154,"FTD-CT","F","Microglia_FTD19F.ANGPT2"
"235","F Microglia.2574426","Microglia","PINK1",0.630440492008081,4.68903883412203,6.59681329325586,0.0125841031242909,0.358648682244101,16,52,1,0.807692307692308,"FTD-CT","F","Microglia_FTD19F.PINK1"
"236","F Microglia.2574583","Microglia","APOE",0.895622255506307,8.91851604165461,5.62376486098597,0.0207694728153863,0.438701262784102,16,52,1,0.653846153846154,"FTD-CT","F","Microglia_FTD19F.APOE"
"237","F Microglia.2588300","Microglia","SPP1",4.83691504208834,11.1037034237792,4.47242965071669,0.0388876758866329,0.552883069148736,3,52,1,0.846153846153846,"HD-CT","F","Microglia_HD19F.SPP1"
"238","F OPC.2261024","OPC","CLU",3.31849833697874,7.92986087385434,6.07750911387571,0.0166241090346496,0.402504904207939,5,52,1,0.634615384615385,"MS-CT","F","OPC_MS19F.CLU"
"239","F OPC.2273048","OPC","APOE",-1.07387270553885,5.58445427639375,8.96979466116615,0.00351353426724431,0.201223427270765,40,52,0.4,0.307692307692308,"AD-CT","F","OPC_AD19F.APOE"
"240","F OPC.2285771","OPC","PINK1",-0.828196403302403,4.84722319370819,4.40859775776651,0.0397059985246449,0.556504918270893,8,52,1,0.846153846153846,"ASD-CT","F","OPC_ASD19F.PINK1"
"241","F OPC.2297338","OPC","SPP1",-2.51613428633455,4.61260086357378,9.31911222548686,0.00307769074876987,0.18839372109771,15,52,0.8,0.961538461538462,"FTD-CT","F","OPC_FTD19F.SPP1"
"242","F Fibroblast 1.2815183","Fibroblast 1","ANGPT1",0.911034778555992,8.84574649878197,10.9694075361596,0.001290345267037,0.120084124456399,16,46,1,0.695652173913043,"FTD-CT","F","Fibroblast_1_FTD19F.ANGPT1"
"243","F Fibroblast 1.2815343","Fibroblast 1","SPP1",-0.916782933286444,6.97320488800561,8.81935378383263,0.00375716827567861,0.207748286265162,16,46,0.6875,0.0652173913043478,"FTD-CT","F","Fibroblast_1_FTD19F.SPP1"
"244","F Fibroblast 1.2816026","Fibroblast 1","ANGPT2",1.01829868964381,7.17654584995741,4.80997654864491,0.0306394357836826,0.508367654103608,16,46,1,0.456521739130435,"FTD-CT","F","Fibroblast_1_FTD19F.ANGPT2"
"245","F Endothelial 3.2333302","Endothelial 3","ANGPT2",1.53973346271207,9.91898134763852,8.24270513707341,0.00409174028720766,0.216702536600686,30,37,0.8,0.72972972972973,"AD-CT","F","Endothelial_3_AD19F.ANGPT2"
"246","F Endothelial 3.2345998","Endothelial 3","ANGPT2",-1.59385516420338,8.80270932983588,5.49611345015391,0.0190592769917745,0.424424419381789,8,37,0.625,0.567567567567568,"ASD-CT","F","Endothelial_3_ASD19F.ANGPT2"
"247","F Endothelial 3.2357251","Endothelial 3","SPP1",-2.19587379570339,7.34388950226332,19.3787764523291,1.07215322333961e-05,0.00701695103877455,14,37,0.142857142857143,0.135135135135135,"FTD-CT","F","Endothelial_3_FTD19F.SPP1"
"248","F Endothelial 3.2357671","Endothelial 3","APOE",-0.945166019247103,8.14336999634422,5.16444222444384,0.0230543092575581,0.456477132787084,14,37,0.857142857142857,0.621621621621622,"FTD-CT","F","Endothelial_3_FTD19F.APOE"
"249","F Endothelial 3.2357856","Endothelial 3","CLU",-0.860132644953307,8.97610667387982,4.34382585386963,0.0371439090797093,0.544035342612635,14,37,0.857142857142857,0.540540540540541,"FTD-CT","F","Endothelial_3_FTD19F.CLU"
"250","F Pericytes 2.2839171","Pericytes 2","ANGPT2",1.71022587025082,7.23787143023742,6.90556462847824,0.0087943955473307,0.308081080186204,29,33,0.206896551724138,0.242424242424242,"AD-CT","F","Pericytes_2_AD19F.ANGPT2"
"251","F Pericytes 2.2852108","Pericytes 2","PINK1",-1.92633621935179,7.44864446612626,4.15307563934757,0.0415597505036156,0.565040292295617,5,33,0,0,"ASD-CT","F","Pericytes_2_ASD19F.PINK1"
"252","F Pericytes 2.2863219","Pericytes 2","ANGPT1",1.28123762573755,8.16702962075625,11.0022262887176,0.000910094153576768,0.0994148383923755,16,33,0.875,0.606060606060606,"FTD-CT","F","Pericytes_2_FTD19F.ANGPT1"
"253","F Pericytes 2.2863532","Pericytes 2","ANGPT2",0.981118404342488,7.53388287296046,5.86333738070167,0.0154598302048787,0.390713883814644,16,33,0.8125,0.575757575757576,"FTD-CT","F","Pericytes_2_FTD19F.ANGPT2"
"254","F Pericytes 2.2863782","Pericytes 2","SPP1",-0.750743573191311,7.65968735647985,4.73664047528315,0.0295271730043065,0.501116463008378,16,33,0.625,0.484848484848485,"FTD-CT","F","Pericytes_2_FTD19F.SPP1"
"255","F Inhibitory neuron 1.2080524","Inhibitory neuron 1","APOE",1.48197867447855,4.64931305158682,5.16788754258553,0.0265873050279983,0.481919800501168,8,51,1,0.980392156862745,"ASD-CT","F","Inhibitory_neuron_1_ASD19F.APOE"
"256","F Inhibitory neuron 1.2092469","Inhibitory neuron 1","PINK1",3.30056321338639,5.63935132954314,8.16872715192902,0.00549424048059467,0.249123344340655,15,51,0.8,0.96078431372549,"FTD-CT","F","Inhibitory_neuron_1_FTD19F.PINK1"
"257","F Inhibitory neuron 1.2092805","Inhibitory neuron 1","APOE",2.41026270380931,5.29695740243017,5.64788494014289,0.0199902909808511,0.432206834906892,15,51,0.533333333333333,0.901960784313726,"FTD-CT","F","Inhibitory_neuron_1_FTD19F.APOE"
"258","F Inhibitory neuron 1.2106006","Inhibitory neuron 1","ANGPT1",4.32699953061205,6.29733401034403,7.60704418752453,0.00782411264898221,0.292428951820356,3,51,1,0.96078431372549,"HD-CT","F","Inhibitory_neuron_1_HD19F.ANGPT1"
"259","F Endothelial 4.2742774","Endothelial 4","CLU",-1.65203623865542,9.49192209837388,8.10386572963369,0.00441738239594479,0.224452325119044,17,19,0,0.105263157894737,"AD-CT","F","Endothelial_4_AD19F.CLU"
"260","F Endothelial 4.2742836","Endothelial 4","ANGPT2",1.99932376815091,9.6871538026501,7.02750851035597,0.0080270987935113,0.296015751043096,17,19,0.764705882352941,0.736842105263158,"AD-CT","F","Endothelial_4_AD19F.ANGPT2"
"261","F Endothelial 4.2754735","Endothelial 4","SPP1",-3.28778755409078,6.68848166046731,23.4422962603012,1.28823263583175e-06,0.00177400771082694,6,19,0.333333333333333,0.210526315789474,"ASD-CT","F","Endothelial_4_ASD19F.SPP1"
"262","F Endothelial 4.2754772","Endothelial 4","ANGPT2",-2.26498874117075,8.03340728104169,13.3135360807639,0.000263571085825794,0.0494988756713779,6,19,0.5,0.0526315789473684,"ASD-CT","F","Endothelial_4_ASD19F.ANGPT2"
"263","F Lymphocyte.2947599","Lymphocyte","SPP1",-0.959913014055583,8.14831862049621,10.894185471519,0.00119089257726344,0.115081625255554,15,45,1,0.444444444444444,"FTD-CT","F","Lymphocyte_FTD19F.SPP1"
"264","F Lymphocyte.2948089","Lymphocyte","SERPINA1",1.41631231742598,6.41247765992283,7.33962813748391,0.018860884995928,0.422833435988905,15,45,0.666666666666667,0.111111111111111,"FTD-CT","F","Lymphocyte_FTD19F.SERPINA1"
"265","F Lymphocyte.2959496","Lymphocyte","SPP1",7.04443941950216,8.85438162153577,9.09219523156895,0.00256718295352168,0.172089636653218,1,45,0,0.155555555555556,"HD-CT","F","Lymphocyte_HD19F.SPP1"
"266","F Pericytes 1.2658445","Pericytes 1","APOE",-1.6991510213708,8.19295376845576,9.07916225607102,0.00290514423330357,0.183071428271839,33,38,0.696969696969697,0.605263157894737,"AD-CT","F","Pericytes_1_AD19F.APOE"
"267","F Pericytes 1.2670955","Pericytes 1","ANGPT1",-2.32061108560566,7.26569128523456,4.0021575216845,0.0454426999131244,0.581402618889246,8,38,0.125,0.315789473684211,"ASD-CT","F","Pericytes_1_ASD19F.ANGPT1"
"268","F Pericytes 1.2682732","Pericytes 1","ANGPT2",1.31614962881435,6.41808620425431,6.69135094988836,0.00993276622556557,0.324239945483202,16,38,0.8125,0.447368421052632,"FTD-CT","F","Pericytes_1_FTD19F.ANGPT2"
"269","F Pericytes 1.2682868","Pericytes 1","SPP1",-0.788172004506079,7.10786636494094,5.5547866293467,0.0187659067682441,0.42190359001571,16,38,0.3125,0.210526315789474,"FTD-CT","F","Pericytes_1_FTD19F.SPP1"
"270","F Pericytes 1.2694506","Pericytes 1","CLU",-8.36096022253779,8.43562609849139,16.1906253778258,5.72889130124205e-05,0.0201217279923452,2,38,0,0.342105263157895,"HD-CT","F","Pericytes_1_HD19F.CLU"
"271","F Pericytes 1.2694509","Pericytes 1","APOE",-8.13929896286708,8.77941032092739,13.4539872091641,0.000244522314652368,0.0474077045921261,2,38,0,0.315789473684211,"HD-CT","F","Pericytes_1_HD19F.APOE"
"272","F Capillary BEC 1.2634409","Capillary BEC 1","APOE",-0.846428317316164,7.48658994672219,8.48916064375944,0.00443849387228265,0.224976620526108,15,31,0.8,0.354838709677419,"FTD-CT","F","Capillary_BEC_1_FTD19F.APOE"
"273","F Capillary BEC 1.2634757","Capillary BEC 1","ANGPT1",-1.20036495852703,5.09783021330803,4.9957441554423,0.028107632668324,0.491973082223611,15,31,0.8,0.483870967741935,"FTD-CT","F","Capillary_BEC_1_FTD19F.ANGPT1"
"274","F Capillary BEC 1.2634805","Capillary BEC 1","SPP1",-0.76442743418445,6.90694212395592,4.79642117407879,0.0310297233820694,0.510825499000564,15,31,0.933333333333333,0.709677419354839,"FTD-CT","F","Capillary_BEC_1_FTD19F.SPP1"
"275","F NRGN Neuron.2393393","NRGN Neuron","APOE",12.5362873198324,8.7349195855209,6.64239800573454,0.00995829061636319,0.324651992492531,4,48,0,0.1875,"MS-CT","F","NRGN_Neuron_MS19F.APOE"
"276","F NRGN Neuron.2418007","NRGN Neuron","SPP1",-1.31051759218961,7.46485207800341,5.16786462422444,0.0232231741619719,0.457791378032269,8,48,0.75,0.541666666666667,"ASD-CT","F","NRGN_Neuron_ASD19F.SPP1"
"277","F NRGN Neuron.2430248","NRGN Neuron","ANGPT1",-7.67907832143923,4.91380781332917,7.94243237148858,0.020848401473664,0.439366393501844,7,48,0.142857142857143,0.333333333333333,"FTD-CT","F","NRGN_Neuron_FTD19F.ANGPT1"
"278","F Mesenchymal.2983819","Mesenchymal","CLU",2.11963164543596,10.8631401534759,5.70457727009238,0.0169213675799808,0.405327708248679,14,18,0.142857142857143,0.111111111111111,"AD-CT","F","Mesenchymal_AD19F.CLU"
"279","F Mesenchymal.2995647","Mesenchymal","CLU",-8.87672908886338,10.9950948696528,4.55690786900298,0.0327877644831042,0.520844553331161,1,18,0,0.277777777777778,"ASD-CT","F","Mesenchymal_ASD19F.CLU"
"280","F Mesenchymal.3007861","Mesenchymal","SPP1",4.38111521988927,7.89739712158604,7.26982475639508,0.00701265421913572,0.278377550110126,13,18,0.615384615384615,0.277777777777778,"FTD-CT","F","Mesenchymal_FTD19F.SPP1"
"281","F Mesenchymal.3008120","Mesenchymal","ANGPT2",3.9634677324823,7.83624045660588,5.5341107992372,0.0186498798189744,0.420879028289268,13,18,0.769230769230769,0.722222222222222,"FTD-CT","F","Mesenchymal_FTD19F.ANGPT2"
"282","F Excitatory neuron 4.1851582","Excitatory neuron 4","APP",15.0891853682375,9.42986853148572,8.21519996355401,0.00595886735708761,0.258494328813791,5,52,0.2,0.403846153846154,"MS-CT","F","Excitatory_neuron_4_MS19F.APP"
"283","F Excitatory neuron 4.1864130","Excitatory neuron 4","ANGPT2",-0.757841117006154,3.64179133516183,5.89549527918211,0.0172236412977675,0.408274000732478,40,52,0.725,0.615384615384615,"AD-CT","F","Excitatory_neuron_4_AD19F.ANGPT2"
"284","F Excitatory neuron 4.1875638","Excitatory neuron 4","SPP1",-1.21894402680097,2.96741507601621,5.42359564875586,0.0235629739596682,0.460209042835521,8,52,1,0.903846153846154,"ASD-CT","F","Excitatory_neuron_4_ASD19F.SPP1"
"285","F Excitatory neuron 4.1901622","Excitatory neuron 4","PINK1",-1.87743947210387,5.79492180436313,8.01282659753874,0.00664645121667012,0.271689052721792,3,52,1,0.942307692307692,"HD-CT","F","Excitatory_neuron_4_HD19F.PINK1"
"286","F Excitatory neuron 4.1903394","Excitatory neuron 4","ANGPT1",8.80689716846195,2.66518217778762,4.37432794463229,0.041523111434842,0.564865610282856,3,52,1,0.923076923076923,"HD-CT","F","Excitatory_neuron_4_HD19F.ANGPT1"
"287","F Veinous BEC 1.2707592","Veinous BEC 1","ANGPT1",1.79386993870609,7.32932869192875,4.16117589436596,0.0413612849792236,0.56402486057416,24,22,0,0.136363636363636,"AD-CT","F","Veinous_BEC_1_AD19F.ANGPT1"
"288","F Veinous BEC 1.2719052","Veinous BEC 1","SPP1",-3.92637742460392,7.85280060017635,4.86636074073423,0.0273863695499129,0.487317207240486,3,22,0,0,"ASD-CT","F","Veinous_BEC_1_ASD19F.SPP1"
"289","F Veinous BEC 1.2719089","Veinous BEC 1","APOE",3.47797640460842,7.85954990995582,4.71140958069193,0.0299642906886943,0.503929416016484,3,22,0.666666666666667,0.818181818181818,"ASD-CT","F","Veinous_BEC_1_ASD19F.APOE"
"290","F Veinous BEC 1.2730874","Veinous BEC 1","ANGPT2",-1.30933277367935,8.04137309428899,6.64003276281347,0.00997163101977565,0.324839454070514,15,22,0.133333333333333,0.0909090909090909,"FTD-CT","F","Veinous_BEC_1_FTD19F.ANGPT2"
"291","F Veinous BEC 1.2731397","Veinous BEC 1","ANGPT1",1.61412355593379,6.77539929618176,4.02858311531689,0.0447362934552545,0.578358326443457,15,22,0.2,0.272727272727273,"FTD-CT","F","Veinous_BEC_1_FTD19F.ANGPT1"
"292","F Excitatory neuron 5.2140742","Excitatory neuron 5","APOE",1.3941090779177,4.22038221105083,4.42875664877833,0.0398306565797444,0.557119374008444,8,51,1,0.823529411764706,"ASD-CT","F","Excitatory_neuron_5_ASD19F.APOE"
"293","F Endothelial 1.2899588","Endothelial 1","SPP1",3.98815648642157,8.90736800846588,5.44864855178415,0.0195844923307721,0.428884578750371,6,18,0.5,0.5,"FTD-CT","F","Endothelial_1_FTD19F.SPP1"
"294","F Endothelial 1.2899672","Endothelial 1","ANGPT2",2.79745518325423,8.6852906623418,4.80644578071065,0.0283546578080298,0.49366044898991,6,18,0,0.111111111111111,"FTD-CT","F","Endothelial_1_FTD19F.ANGPT2"
"295","F Excitatory neuron 3.2465828","Excitatory neuron 3","APP",3.39044413357703,9.49565389867425,8.66686679613804,0.00470940747490701,0.231314429525943,4,48,0.75,0.5625,"MS-CT","F","Excitatory_neuron_3_MS19F.APP"
"296","F Excitatory neuron 3.2478035","Excitatory neuron 3","ANGPT1",0.985701076206269,3.1900349525713,7.1506872372032,0.00891022213813081,0.309891079203377,39,48,0.641025641025641,0.4375,"AD-CT","F","Excitatory_neuron_3_AD19F.ANGPT1"
"297","F Excitatory neuron 3.2490178","Excitatory neuron 3","APOE",1.34109204504838,4.44959380715666,4.55048519071515,0.0376636011367471,0.546687329664001,8,48,0.875,0.916666666666667,"ASD-CT","F","Excitatory_neuron_3_ASD19F.APOE"
"298","F Excitatory neuron 3.2490266","Excitatory neuron 3","ANGPT2",-1.29069783490711,3.94401520860448,4.17504997949585,0.0455100275868382,0.581598121871536,8,48,0.875,0.875,"ASD-CT","F","Excitatory_neuron_3_ASD19F.ANGPT2"
"299","F Excitatory neuron 3.2502484","Excitatory neuron 3","PINK1",-2.56488095366125,6.20067355983223,4.23362271508506,0.0478296517565997,0.591316254774608,9,48,0.333333333333333,0.833333333333333,"FTD-CT","F","Excitatory_neuron_3_FTD19F.PINK1"
"300","F Excitatory neuron 3.2515882","Excitatory neuron 3","PINK1",-3.53541314112614,5.98915295021773,7.90420699313543,0.00679346356901207,0.274384166945308,3,48,1,0.854166666666667,"HD-CT","F","Excitatory_neuron_3_HD19F.PINK1"
"301","F Capillary BEC 2.3055915","Capillary BEC 2","APOE",-2.98898718892733,9.8932484415196,5.93147251469321,0.0154746239212234,0.390839656445029,6,10,0,0,"FTD-CT","F","Capillary_BEC_2_FTD19F.APOE"
